instance_id,music_genre
48564,Hip-Hop
72394,Rock
88081,Hip-Hop
78331,Country
72636,Rap
74228,Jazz
39106,Rap
78829,Country
91469,Country
54558,Country
44055,Anime
29671,Classical
56323,Alternative
54809,Blues
55369,Hip-Hop
68566,Rap
53565,Electronic
69565,Blues
39014,Rap
28452,Electronic
40219,Rock
41832,Rap
50963,Alternative
58058,Country
41339,Country
25263,Electronic
30932,Rap
65113,Blues
43628,Blues
82352,Rap
25868,Electronic
57582,Blues
64912,Rap
30690,Blues
58160,Rap
48352,Electronic
32598,Jazz
81733,Electronic
68478,Country
61070,Jazz
87062,Blues
50604,Rock
51443,Alternative
79739,Country
52375,Electronic
43645,Blues
51950,Blues
62180,Electronic
91491,Hip-Hop
57217,Anime
30912,Country
37289,Rap
58378,Rap
83848,Jazz
88071,Electronic
78696,Electronic
73721,Anime
21431,Classical
33066,Country
71571,Electronic
54360,Country
61237,Anime
43763,Anime
53222,Hip-Hop
24144,Rap
35526,Hip-Hop
79272,Hip-Hop
28682,Hip-Hop
78220,Classical
42113,Alternative
29197,Electronic
73749,Electronic
76959,Anime
32662,Rock
28240,Blues
78684,Rap
23339,Alternative
66580,Electronic
62293,Blues
73224,Blues
63436,Classical
85265,Alternative
49131,Rock
42894,Blues
32778,Blues
88626,Alternative
20474,Anime
57621,Anime
68702,Alternative
68429,Rap
48412,Alternative
31462,Hip-Hop
20258,Rock
80048,Anime
36643,Country
51269,Electronic
36620,Anime
47393,Anime
34229,Blues
27054,Jazz
74946,Blues
79753,Classical
78997,Blues
90739,Rap
34604,Jazz
48875,Blues
72374,Anime
84383,Electronic
82285,Rap
49168,Country
35219,Hip-Hop
72531,Rock
37626,Electronic
74540,Electronic
22782,Blues
59663,Rap
65605,Blues
63227,Electronic
27942,Rock
61120,Rap
59041,Rap
67531,Blues
89417,Blues
51652,Country
23769,Rap
88512,Rap
69103,Anime
25734,Anime
35192,Blues
77761,Anime
58002,Hip-Hop
27331,Rap
90879,Rap
66951,Alternative
21111,Rock
36583,Country
69430,Jazz
26846,Hip-Hop
54227,Classical
79612,Blues
36250,Country
71243,Jazz
41033,Classical
58600,Rap
64358,Rock
55882,Blues
67981,Rap
78157,Country
39280,Country
65167,Anime
50033,Rap
34067,Country
71541,Country
58044,Jazz
67611,Hip-Hop
88524,Alternative
50007,Rock
36733,Jazz
55966,Blues
29854,Country
47533,Blues
84957,Alternative
27733,Blues
88890,Country
71105,Hip-Hop
87402,Electronic
81300,Classical
25948,Electronic
30686,Alternative
27597,Classical
46658,Electronic
33241,Blues
34855,Rap
39290,Country
61297,Rap
79393,Rap
85447,Rock
24779,Classical
21888,Electronic
22450,Country
21637,Blues
76444,Alternative
34627,Anime
30361,Jazz
22862,Rap
55635,Hip-Hop
39392,Alternative
21530,Blues
53803,Electronic
79904,Electronic
79589,Country
38281,Electronic
26187,Blues
65289,Blues
38631,Rock
34026,Alternative
81881,Country
25877,Classical
79755,Alternative
67894,Jazz
50248,Blues
32074,Rock
41890,Blues
36233,Country
63019,Electronic
31135,Electronic
91653,Classical
67493,Hip-Hop
45720,Country
78113,Jazz
66990,Hip-Hop
33226,Rap
43840,Rock
66599,Electronic
37709,Classical
89646,Jazz
41952,Blues
90953,Classical
26762,Electronic
62414,Alternative
54492,Alternative
22070,Blues
34735,Classical
37276,Blues
91709,Country
79337,Anime
32555,Blues
28310,Rap
60154,Hip-Hop
89947,Rock
67061,Alternative
82280,Country
67551,Rap
49912,Alternative
44285,Country
62759,Blues
26763,Anime
88251,Rock
21144,Anime
39166,Blues
58756,Electronic
74087,Hip-Hop
58075,Country
49533,Country
79989,Electronic
58425,Electronic
62607,Classical
85075,Jazz
56756,Alternative
28898,Alternative
42118,Jazz
55409,Rap
31714,Anime
41361,Hip-Hop
30503,Anime
45222,Rock
68913,Rock
74995,Hip-Hop
47775,Alternative
37384,Anime
49180,Jazz
28678,Classical
42464,Country
79508,Alternative
62403,Anime
40756,Rap
85665,Country
79277,Rock
23449,Hip-Hop
82350,Country
61130,Country
55562,Hip-Hop
78807,Country
67592,Blues
58204,Anime
42874,Rap
76341,Hip-Hop
47432,Classical
22904,Jazz
42683,Electronic
72925,Jazz
25202,Rap
23994,Hip-Hop
41096,Jazz
53503,Rap
83671,Country
59711,Alternative
61562,Alternative
67914,Jazz
50650,Electronic
32141,Rap
50317,Jazz
51665,Alternative
70042,Country
27911,Jazz
40311,Rap
49904,Rap
47588,Electronic
44657,Blues
23053,Rap
42143,Country
77852,Classical
58240,Country
67419,Rock
75524,Alternative
29774,Rap
60161,Anime
45935,Classical
50100,Rap
27735,Blues
22155,Jazz
28074,Anime
70652,Country
73891,Classical
67578,Classical
48379,Country
53364,Rap
46115,Blues
80693,Blues
86176,Country
69079,Country
29436,Country
55813,Anime
78708,Anime
81049,Rock
36822,Jazz
22274,Electronic
41472,Rock
69744,Country
85910,Rap
79522,Alternative
86953,Rap
65953,Electronic
70639,Anime
79193,Rock
35294,Blues
77931,Country
63066,Rock
68106,Rock
85652,Jazz
68770,Blues
75085,Rap
80369,Blues
79286,Anime
63102,Rock
86706,Rock
49496,Rap
43631,Electronic
28056,Rap
37736,Country
60812,Blues
23204,Alternative
54161,Rock
30121,Country
66816,Rock
82621,Rock
28760,Rap
85574,Hip-Hop
27085,Electronic
58429,Country
39227,Classical
75952,Hip-Hop
83656,Rock
58626,Country
76948,Hip-Hop
40834,Anime
66252,Rap
59319,Classical
62342,Classical
32156,Electronic
35817,Country
77770,Country
25530,Electronic
67138,Hip-Hop
74197,Electronic
28720,Classical
34223,Anime
59705,Country
26142,Country
46526,Rap
23005,Blues
59474,Classical
45707,Rap
27027,Classical
57553,Country
90987,Rap
41262,Anime
78385,Alternative
30750,Rap
65283,Blues
45981,Classical
65943,Rap
22917,Rap
81906,Electronic
47576,Classical
83134,Alternative
77843,Country
30061,Blues
85448,Anime
58815,Blues
39610,Classical
28228,Electronic
20724,Jazz
39201,Electronic
77056,Anime
52020,Alternative
22943,Hip-Hop
87928,Rap
91571,Electronic
35921,Alternative
86157,Classical
61361,Classical
61824,Anime
91068,Country
26519,Rock
54567,Country
84864,Rock
86854,Rap
28672,Classical
89590,Hip-Hop
40950,Classical
84346,Country
88444,Rock
84165,Blues
54821,Rock
49692,Blues
46715,Hip-Hop
52010,Rock
82981,Anime
25725,Rap
30019,Country
35896,Country
79523,Electronic
86615,Country
22846,Rap
69121,Rap
87501,Classical
60441,Electronic
59679,Anime
73116,Jazz
79128,Rock
77924,Country
50103,Electronic
32687,Classical
36166,Anime
23042,Classical
86267,Classical
86002,Alternative
54217,Classical
32061,Rap
90641,Classical
25215,Country
76746,Rock
55403,Rap
53545,Classical
28508,Rock
34635,Classical
83181,Electronic
40431,Rap
53432,Rap
72380,Country
91547,Blues
21329,Rap
48834,Electronic
60260,Jazz
62596,Rap
88414,Jazz
27670,Country
20184,Rap
74754,Alternative
51779,Jazz
44229,Blues
38429,Electronic
52175,Electronic
74508,Country
38226,Blues
88033,Hip-Hop
46508,Country
28366,Country
43879,Blues
76786,Country
79751,Electronic
68264,Electronic
35263,Electronic
27380,Jazz
43617,Alternative
66753,Electronic
81392,Electronic
87466,Blues
43503,Anime
64420,Alternative
79663,Blues
69705,Alternative
23454,Anime
89415,Anime
85299,Classical
52464,Electronic
87262,Electronic
82220,Rap
53978,Rap
26077,Alternative
34361,Classical
79197,Country
44679,Hip-Hop
87060,Alternative
69407,Electronic
24344,Rap
32903,Anime
81260,Hip-Hop
87783,Blues
59070,Blues
84713,Country
39540,Rock
87881,Electronic
62139,Country
34809,Jazz
25628,Blues
45163,Rap
30628,Anime
88973,Rap
79958,Blues
39602,Electronic
67145,Blues
31157,Rap
89361,Rock
38655,Rap
30081,Country
85900,Rap
73908,Country
40349,Blues
54879,Country
67338,Rap
37894,Alternative
83715,Rock
27123,Electronic
91289,Classical
53547,Anime
78358,Blues
73070,Anime
85231,Jazz
57054,Hip-Hop
26421,Rap
84532,Hip-Hop
65393,Blues
27409,Electronic
54312,Anime
74195,Blues
48112,Blues
48227,Alternative
67568,Electronic
38819,Hip-Hop
29974,Rock
75851,Rock
38200,Blues
34119,Alternative
47538,Classical
50199,Rap
27378,Country
54292,Electronic
25808,Rap
64587,Blues
75010,Rock
87791,Rap
85250,Rap
62104,Jazz
57713,Electronic
79767,Country
57625,Blues
21071,Jazz
54208,Electronic
22607,Classical
28279,Rap
33901,Rock
35304,Anime
73033,Blues
43728,Country
38952,Anime
35753,Hip-Hop
87301,Blues
68674,Electronic
89545,Jazz
84037,Blues
40629,Alternative
66762,Rap
38489,Blues
50798,Rap
59440,Blues
65178,Blues
89685,Jazz
75272,Electronic
86956,Hip-Hop
54030,Country
82915,Rap
52094,Alternative
51792,Hip-Hop
28284,Rap
20113,Country
87653,Rock
35743,Electronic
26678,Anime
73596,Blues
51560,Alternative
56709,Hip-Hop
24928,Electronic
53403,Jazz
22619,Blues
53744,Classical
54616,Alternative
61554,Blues
69985,Country
77452,Alternative
23419,Rock
33908,Anime
28964,Rock
76506,Electronic
33456,Alternative
24191,Hip-Hop
71957,Rap
60030,Blues
67030,Rock
48507,Alternative
70915,Alternative
46551,Alternative
89424,Jazz
44108,Alternative
75115,Rap
22398,Country
80442,Alternative
28649,Hip-Hop
44755,Rap
40871,Classical
81727,Jazz
90895,Anime
80298,Rock
36834,Country
64081,Hip-Hop
42371,Alternative
30453,Rap
36618,Electronic
61161,Anime
69958,Rap
77541,Blues
39478,Hip-Hop
53182,Country
91376,Country
74527,Classical
37367,Rap
85484,Alternative
78633,Anime
48596,Alternative
74826,Rap
80998,Electronic
53417,Rap
57049,Rap
33615,Electronic
80751,Electronic
61234,Electronic
62521,Blues
23508,Alternative
87143,Hip-Hop
77220,Electronic
78207,Rap
39623,Rock
39015,Electronic
67572,Blues
82669,Rock
46911,Hip-Hop
76013,Classical
80753,Rap
48074,Country
64825,Anime
63874,Blues
57271,Alternative
51202,Electronic
67118,Rap
83814,Blues
39573,Alternative
84886,Rap
86847,Electronic
82518,Alternative
42067,Alternative
48139,Country
56337,Alternative
88537,Blues
59730,Rap
32174,Rap
73134,Alternative
44579,Hip-Hop
31042,Electronic
73932,Rap
88390,Alternative
83099,Country
84090,Anime
78602,Jazz
49931,Electronic
35740,Country
54430,Alternative
36997,Jazz
46176,Alternative
59673,Blues
79201,Rock
83689,Rap
84282,Hip-Hop
77132,Country
66739,Anime
88734,Alternative
83245,Blues
25710,Alternative
39970,Anime
76018,Country
44135,Alternative
70179,Hip-Hop
83697,Electronic
36561,Blues
84578,Blues
70828,Country
83492,Rap
27262,Rock
51203,Electronic
58158,Electronic
61086,Electronic
67100,Blues
25075,Rock
88257,Country
51359,Blues
39806,Hip-Hop
83290,Classical
71123,Classical
75263,Rap
21285,Rap
39144,Electronic
81556,Classical
75841,Blues
72512,Country
70076,Country
20475,Rock
60876,Anime
66334,Jazz
46536,Rap
21821,Rap
66861,Country
59942,Country
61748,Electronic
30388,Hip-Hop
38184,Country
47767,Alternative
33039,Country
85876,Classical
49775,Anime
33221,Alternative
20810,Country
36524,Anime
79824,Jazz
28907,Rap
36410,Electronic
85580,Blues
62021,Alternative
35234,Blues
41738,Alternative
30543,Blues
32989,Blues
28163,Anime
33828,Jazz
67600,Alternative
61671,Blues
44146,Rap
63726,Alternative
84088,Anime
28335,Blues
88531,Country
22198,Anime
38212,Anime
66928,Jazz
85196,Rock
27991,Electronic
90666,Classical
31945,Anime
86909,Rock
69376,Alternative
63721,Jazz
47711,Hip-Hop
26007,Blues
50041,Rap
23664,Anime
84668,Classical
59235,Blues
82927,Country
56602,Anime
51534,Country
29908,Country
62571,Classical
38427,Rap
49885,Rap
68035,Country
47258,Electronic
32688,Rap
69783,Jazz
58518,Blues
25785,Anime
40674,Anime
74474,Rock
60437,Blues
23622,Electronic
45052,Rock
70889,Blues
75764,Jazz
46132,Alternative
44894,Rap
67077,Blues
26779,Alternative
90219,Classical
91167,Rock
54884,Blues
64678,Country
72419,Classical
83764,Classical
28186,Jazz
44624,Country
60777,Hip-Hop
43148,Rock
52203,Rap
46274,Alternative
80212,Blues
27001,Hip-Hop
34554,Classical
89072,Blues
44487,Country
82282,Alternative
54254,Anime
82299,Country
84743,Classical
54079,Alternative
60209,Electronic
33289,Rap
85846,Electronic
37991,Classical
72003,Electronic
62836,Alternative
25381,Blues
61659,Electronic
71642,Country
80286,Classical
30541,Alternative
31155,Anime
46418,Electronic
82955,Blues
70585,Anime
88180,Blues
62783,Anime
50771,Blues
21105,Alternative
84877,Rap
78148,Hip-Hop
67139,Electronic
56479,Classical
90177,Anime
63384,Country
23928,Hip-Hop
60749,Blues
68536,Country
79598,Blues
25252,Alternative
60822,Jazz
77505,Alternative
22240,Rap
49113,Alternative
41580,Jazz
61907,Alternative
32568,Blues
39605,Classical
64719,Rock
23473,Jazz
20307,Rap
56738,Hip-Hop
35991,Rock
73523,Rap
37642,Rap
81112,Rock
32712,Rap
54062,Anime
73419,Electronic
22248,Classical
55308,Electronic
45343,Country
29305,Rock
73902,Rap
51267,Country
25157,Classical
36521,Rap
67241,Blues
37570,Classical
22494,Blues
86486,Classical
39626,Alternative
90012,Alternative
82025,Rap
63481,Jazz
42187,Blues
47892,Rap
83995,Blues
68152,Alternative
47899,Rock
54923,Alternative
27286,Anime
43508,Anime
43609,Rock
37814,Electronic
82006,Blues
37701,Blues
53248,Electronic
88692,Rock
50223,Blues
50528,Classical
39604,Alternative
63225,Anime
89175,Anime
46776,Alternative
44480,Blues
47890,Electronic
59958,Electronic
71497,Hip-Hop
81884,Rock
25192,Classical
47627,Rock
39869,Alternative
27854,Rock
87753,Country
72961,Alternative
44528,Rap
40270,Electronic
75334,Blues
82276,Alternative
52182,Jazz
53685,Rap
88872,Country
57298,Country
70416,Anime
63095,Alternative
37324,Hip-Hop
65017,Country
36441,Rap
75545,Hip-Hop
26520,Electronic
30517,Blues
90819,Country
56008,Blues
46832,Country
57028,Blues
27156,Anime
62455,Blues
55149,Jazz
22170,Alternative
68329,Electronic
22554,Electronic
74505,Jazz
46114,Alternative
81510,Rap
43169,Blues
69755,Hip-Hop
24200,Country
33600,Classical
55719,Blues
64201,Blues
24202,Anime
33488,Blues
46652,Electronic
32250,Anime
27917,Blues
73828,Jazz
34363,Blues
46939,Blues
78931,Anime
23749,Rap
53574,Rock
55328,Alternative
87246,Alternative
31058,Electronic
80721,Rap
42908,Country
25612,Hip-Hop
22781,Blues
34175,Country
26434,Blues
90160,Rap
65631,Blues
85393,Electronic
52736,Country
87139,Electronic
40831,Alternative
28938,Blues
86484,Country
71536,Blues
87650,Jazz
74169,Country
87417,Electronic
58181,Blues
75896,Country
83022,Rap
34209,Country
74159,Hip-Hop
33612,Blues
68424,Alternative
75224,Country
49084,Hip-Hop
45005,Alternative
26427,Classical
39702,Jazz
45739,Alternative
38698,Anime
36109,Blues
84104,Hip-Hop
74096,Country
33130,Alternative
57815,Blues
79081,Jazz
43010,Blues
74107,Hip-Hop
33331,Country
86104,Country
20012,Alternative
87531,Electronic
52242,Classical
45150,Anime
34334,Electronic
51250,Rock
51276,Alternative
70498,Rock
88987,Alternative
66713,Jazz
69517,Electronic
84021,Jazz
49799,Rap
22006,Classical
87612,Rap
63177,Blues
26673,Rock
31830,Electronic
61556,Blues
42500,Electronic
59584,Electronic
22334,Alternative
47182,Hip-Hop
85252,Hip-Hop
32028,Classical
69980,Electronic
39937,Rap
74062,Blues
70923,Alternative
73539,Blues
67129,Anime
60571,Rap
46242,Electronic
91648,Alternative
28401,Anime
62330,Rock
60498,Alternative
85106,Country
25234,Country
68305,Alternative
90043,Country
86790,Rap
90184,Rap
80511,Alternative
79134,Alternative
41645,Anime
58428,Hip-Hop
63966,Jazz
86312,Blues
91144,Rap
60788,Anime
88837,Anime
28081,Blues
77370,Electronic
68731,Anime
25926,Electronic
42355,Electronic
56055,Country
73476,Anime
20833,Country
89357,Alternative
89341,Rock
70183,Rap
36052,Country
61683,Rock
78218,Blues
77796,Rap
83620,Anime
34352,Hip-Hop
23649,Anime
28960,Alternative
50688,Anime
39564,Alternative
78713,Electronic
52610,Country
75891,Electronic
85932,Country
23968,Blues
59522,Anime
70467,Jazz
85663,Country
88921,Classical
36991,Alternative
78594,Blues
31794,Country
48500,Hip-Hop
61995,Country
83252,Rap
88471,Alternative
53035,Rap
24075,Alternative
59115,Hip-Hop
39593,Anime
69884,Rap
57179,Hip-Hop
24444,Anime
44582,Country
31641,Anime
20089,Alternative
73942,Jazz
48014,Anime
78231,Rap
27833,Classical
52213,Blues
77273,Country
27315,Jazz
87220,Electronic
45858,Blues
36062,Blues
90700,Electronic
42993,Country
70517,Blues
51375,Rap
49585,Blues
25399,Rap
86456,Country
60340,Blues
23077,Rap
91043,Alternative
26761,Classical
35454,Jazz
45214,Electronic
44686,Alternative
21559,Blues
88556,Classical
31223,Hip-Hop
82000,Alternative
45271,Electronic
37980,Anime
42445,Country
39078,Electronic
77133,Electronic
55873,Rap
37061,Blues
69588,Blues
51445,Alternative
84941,Blues
76352,Hip-Hop
65009,Rap
84111,Rap
32725,Country
27138,Country
59133,Rock
60238,Rock
27294,Country
36686,Classical
27011,Electronic
77838,Rock
82126,Blues
82655,Blues
50749,Rap
70428,Rap
34710,Jazz
76120,Anime
68679,Electronic
51605,Jazz
46410,Jazz
43547,Anime
80709,Country
69711,Anime
43177,Rap
55488,Blues
71185,Alternative
44391,Country
48201,Country
55364,Rap
83340,Alternative
32746,Anime
27811,Blues
43746,Country
53594,Rap
57945,Hip-Hop
45598,Electronic
24678,Electronic
75863,Rap
90662,Electronic
20293,Jazz
58664,Rock
91562,Electronic
35993,Rap
52846,Blues
67585,Classical
53600,Electronic
84770,Electronic
65387,Anime
54970,Alternative
75651,Jazz
52541,Jazz
70020,Alternative
71932,Rap
68393,Country
42738,Hip-Hop
63970,Hip-Hop
84582,Electronic
53269,Electronic
40371,Country
26213,Classical
51394,Rock
39889,Blues
58811,Blues
56696,Hip-Hop
67817,Alternative
44562,Electronic
61463,Rock
62339,Anime
66487,Hip-Hop
64087,Rock
22515,Anime
61909,Rap
90415,Classical
60814,Rap
22877,Alternative
26870,Rock
48662,Hip-Hop
60357,Classical
63050,Rap
61232,Electronic
51782,Electronic
63890,Rap
36296,Blues
67990,Jazz
68906,Hip-Hop
69455,Blues
67875,Electronic
71487,Country
33186,Electronic
54323,Alternative
42456,Rap
69741,Alternative
41914,Hip-Hop
35208,Blues
69878,Hip-Hop
65984,Hip-Hop
80482,Classical
21353,Anime
83945,Hip-Hop
36879,Rock
63741,Rap
74739,Anime
30089,Anime
21957,Rock
34489,Classical
79898,Blues
79232,Electronic
66939,Electronic
66425,Blues
90367,Rap
72693,Classical
23392,Alternative
32818,Hip-Hop
62881,Rap
58433,Rock
51099,Country
31412,Country
68549,Rap
68580,Blues
56471,Hip-Hop
66734,Rap
49265,Electronic
22571,Country
75548,Rap
53582,Country
67535,Electronic
43440,Alternative
63993,Classical
70005,Rap
32953,Rock
40379,Jazz
28507,Rap
29736,Electronic
45621,Country
84202,Country
69826,Electronic
90566,Anime
79392,Anime
77764,Blues
52823,Jazz
89185,Electronic
26602,Alternative
34441,Country
59375,Country
56834,Electronic
21941,Blues
38478,Electronic
30684,Country
56890,Classical
28622,Anime
59231,Blues
68965,Jazz
86519,Rock
82322,Alternative
37539,Classical
21337,Rap
64384,Classical
44600,Rock
78544,Alternative
90563,Rap
74481,Rap
54518,Blues
81496,Jazz
43788,Rock
82140,Alternative
50866,Country
87697,Jazz
81322,Jazz
71606,Blues
74187,Rap
46749,Blues
61172,Country
67379,Jazz
43708,Rap
31697,Classical
48753,Alternative
86247,Rap
39321,Anime
81303,Rap
31700,Blues
39283,Rock
86223,Rock
36986,Jazz
69730,Alternative
31511,Electronic
21320,Electronic
24362,Rap
81325,Rock
54702,Country
25164,Jazz
29295,Jazz
28821,Jazz
23465,Alternative
28266,Blues
63607,Blues
43957,Country
45417,Country
24786,Anime
29231,Jazz
28399,Rap
51688,Rock
63677,Rock
60857,Alternative
46581,Electronic
90000,Hip-Hop
90721,Classical
42199,Blues
47069,Rap
37286,Classical
48423,Alternative
69748,Classical
64209,Blues
78921,Country
53020,Hip-Hop
20954,Electronic
51820,Classical
64456,Blues
73654,Country
37470,Rap
36747,Jazz
59316,Rock
57868,Country
26108,Anime
90610,Rap
37401,Alternative
42836,Anime
60187,Blues
76962,Alternative
21987,Country
25590,Classical
54053,Anime
91202,Alternative
21776,Anime
52271,Alternative
80021,Electronic
39210,Country
49684,Hip-Hop
72272,Blues
46932,Classical
63821,Hip-Hop
67295,Hip-Hop
38117,Country
65658,Jazz
77890,Anime
46643,Anime
50459,Jazz
27444,Anime
30281,Jazz
68231,Country
41288,Anime
41813,Rap
27726,Electronic
75946,Rap
37037,Rap
54477,Rap
50421,Jazz
59966,Rap
60539,Rock
39569,Rap
74179,Jazz
64859,Country
37359,Rap
83532,Country
67472,Hip-Hop
20971,Hip-Hop
35602,Rap
35064,Electronic
67376,Alternative
28369,Electronic
91357,Electronic
89310,Classical
42726,Anime
44658,Jazz
62922,Country
90371,Anime
67102,Rap
69093,Rap
81680,Country
59531,Electronic
89899,Electronic
71280,Country
62992,Rap
91365,Rock
72376,Classical
72735,Jazz
44626,Rap
65158,Electronic
54058,Alternative
52768,Rap
75154,Electronic
43079,Blues
54014,Rap
33317,Blues
90612,Rap
39582,Alternative
80146,Electronic
47524,Alternative
47873,Blues
89300,Rap
89750,Anime
52408,Hip-Hop
46562,Rap
68530,Blues
72018,Electronic
76114,Country
43717,Blues
77758,Jazz
87126,Jazz
45711,Alternative
21913,Rap
60284,Rap
58456,Hip-Hop
76953,Rock
88097,Anime
39038,Country
75244,Hip-Hop
84231,Electronic
28462,Anime
49911,Blues
75113,Rap
56495,Country
47770,Rap
85033,Country
76250,Jazz
70831,Electronic
65544,Rock
61329,Anime
43484,Hip-Hop
39269,Blues
33631,Hip-Hop
48703,Rock
37802,Blues
38253,Blues
37849,Rock
65720,Alternative
48828,Country
62073,Jazz
34598,Rock
34309,Jazz
39308,Rap
70837,Electronic
34894,Anime
87581,Rap
80606,Jazz
37122,Blues
24022,Alternative
89837,Electronic
54084,Electronic
45147,Rap
20360,Country
53780,Anime
60150,Classical
37065,Classical
20465,Country
60222,Country
24232,Alternative
69493,Rap
50507,Rap
21340,Blues
57482,Country
77737,Blues
22582,Rap
32651,Blues
36782,Jazz
44475,Electronic
39313,Country
75119,Hip-Hop
45293,Anime
63054,Country
26344,Country
35823,Electronic
59101,Jazz
26985,Hip-Hop
44996,Classical
74360,Classical
49080,Blues
62952,Rap
35107,Rock
89338,Classical
76637,Electronic
59367,Electronic
22683,Anime
63772,Blues
77616,Country
85197,Country
81252,Rap
46633,Country
91354,Blues
34952,Electronic
51615,Alternative
25525,Rap
47649,Blues
56748,Hip-Hop
83690,Electronic
31060,Country
81822,Hip-Hop
65735,Blues
52692,Rap
20884,Rap
90068,Rap
47129,Electronic
34669,Rock
21548,Jazz
71953,Classical
44816,Rock
23924,Classical
89358,Anime
43198,Alternative
39563,Classical
49136,Alternative
35228,Country
51376,Rap
35377,Classical
30876,Anime
83732,Electronic
43852,Jazz
44195,Country
73276,Alternative
25204,Electronic
56229,Country
59023,Hip-Hop
38786,Country
76358,Alternative
47725,Rock
24256,Blues
50014,Electronic
46563,Blues
85858,Alternative
74524,Hip-Hop
74767,Rock
31011,Electronic
34767,Rap
42385,Rock
52222,Rap
25067,Country
31184,Anime
46433,Classical
49888,Electronic
72951,Rap
39957,Electronic
34259,Electronic
76364,Jazz
80861,Country
37808,Rap
77717,Classical
47064,Blues
90586,Hip-Hop
73045,Country
63709,Alternative
57809,Electronic
64673,Country
23211,Electronic
46582,Anime
29112,Hip-Hop
71956,Blues
33176,Country
27864,Anime
86681,Alternative
43449,Country
34772,Jazz
51757,Rap
30910,Rap
66814,Rap
21720,Hip-Hop
39542,Classical
83059,Electronic
80772,Jazz
21700,Jazz
52270,Blues
56997,Rock
62782,Anime
79629,Blues
78345,Hip-Hop
49627,Blues
20383,Classical
44918,Rap
31519,Blues
50227,Jazz
65171,Country
57200,Blues
23736,Electronic
58542,Electronic
57997,Jazz
72280,Blues
79493,Blues
55552,Blues
83810,Hip-Hop
70337,Rap
40368,Jazz
71438,Alternative
42328,Classical
59613,Country
55561,Country
89733,Hip-Hop
71254,Electronic
65228,Alternative
70675,Classical
72633,Electronic
54228,Blues
27418,Country
73139,Electronic
71475,Electronic
68288,Jazz
40354,Classical
43671,Anime
87226,Classical
40617,Electronic
30969,Country
58891,Jazz
57246,Rap
84355,Electronic
78490,Rap
46866,Blues
64700,Country
48630,Anime
28028,Anime
81849,Anime
55223,Alternative
23950,Blues
91310,Hip-Hop
64499,Rock
68413,Electronic
28528,Alternative
31008,Rock
85674,Rock
40630,Blues
25401,Blues
49666,Blues
49291,Rock
66277,Hip-Hop
89779,Jazz
20040,Anime
76744,Hip-Hop
80590,Anime
68027,Country
30573,Jazz
30014,Anime
46225,Country
57168,Electronic
28191,Blues
39845,Jazz
31747,Electronic
79879,Classical
48775,Blues
34267,Country
37650,Rap
75227,Anime
43188,Rap
76010,Alternative
25670,Country
39137,Country
78156,Country
45953,Electronic
29543,Blues
74482,Rock
22392,Rap
25804,Rock
47464,Blues
29089,Alternative
88310,Rap
61446,Electronic
73368,Rock
86252,Rap
83700,Alternative
65036,Blues
71722,Rap
47861,Classical
64156,Country
67741,Country
22149,Rap
82374,Rock
38127,Anime
78873,Jazz
74151,Rock
69342,Rap
85438,Electronic
84246,Electronic
21037,Country
88397,Country
21876,Rap
86766,Jazz
63480,Jazz
58807,Classical
70541,Classical
42673,Blues
44685,Anime
88581,Rap
65088,Anime
20267,Electronic
62067,Electronic
68121,Classical
34387,Blues
46272,Electronic
72149,Country
55904,Electronic
86710,Alternative
69485,Hip-Hop
56993,Classical
36283,Alternative
52357,Hip-Hop
37101,Rock
38706,Classical
39180,Electronic
70250,Alternative
77272,Electronic
84457,Electronic
84793,Anime
64494,Electronic
36468,Rap
33055,Rock
85625,Rock
75033,Country
30549,Electronic
23092,Country
33885,Country
22929,Electronic
65842,Anime
62094,Country
79213,Classical
87496,Rock
66881,Rock
43655,Country
75219,Blues
86007,Blues
89204,Electronic
24317,Jazz
91162,Blues
77488,Electronic
49016,Classical
46628,Country
66629,Anime
22974,Rap
37543,Anime
22097,Blues
24123,Country
23432,Alternative
55218,Rap
43637,Jazz
73369,Alternative
72828,Alternative
39764,Electronic
86143,Rock
52911,Electronic
36349,Country
28590,Country
36546,Electronic
38080,Rock
61479,Electronic
70667,Jazz
84826,Alternative
50808,Country
51720,Country
24392,Country
68320,Alternative
72497,Electronic
22150,Rap
21526,Country
70374,Alternative
28370,Electronic
90085,Anime
47124,Rap
72471,Electronic
30785,Rap
23582,Blues
22719,Blues
86992,Electronic
35754,Jazz
77308,Country
35575,Alternative
76768,Electronic
20395,Rock
31082,Hip-Hop
90556,Blues
31444,Anime
74543,Anime
62264,Blues
41893,Electronic
51643,Rock
54509,Blues
39678,Rap
40266,Hip-Hop
82326,Blues
58307,Blues
43837,Classical
47659,Classical
50893,Blues
62337,Rap
43364,Country
36837,Electronic
77343,Anime
90511,Electronic
83958,Blues
86083,Alternative
26747,Anime
22853,Country
65781,Rap
64393,Country
89582,Country
47294,Classical
90464,Rap
32779,Rock
41788,Electronic
67522,Rap
57562,Anime
24961,Electronic
45194,Rap
44317,Blues
30018,Anime
29423,Anime
61643,Country
84829,Country
80355,Electronic
81489,Blues
39973,Electronic
78194,Country
23701,Electronic
28226,Electronic
89928,Alternative
26335,Anime
91284,Rap
50221,Country
43923,Alternative
38209,Jazz
70169,Rap
22285,Alternative
76724,Electronic
20453,Electronic
53082,Electronic
66558,Electronic
68943,Hip-Hop
82199,Electronic
26018,Anime
56562,Electronic
74072,Blues
43073,Classical
76614,Rock
54093,Rap
67728,Blues
89412,Anime
44634,Blues
64907,Country
88673,Rap
57745,Electronic
89952,Anime
55750,Rock
43009,Country
71077,Anime
27329,Country
60563,Blues
73772,Jazz
62166,Alternative
88208,Anime
48011,Hip-Hop
52100,Rap
74691,Classical
27404,Country
62652,Classical
81116,Country
70107,Rap
59649,Classical
73443,Anime
30259,Rap
25207,Country
62411,Jazz
88202,Country
69348,Hip-Hop
62065,Classical
75125,Blues
69209,Blues
87068,Jazz
49352,Alternative
49380,Country
77988,Rock
44070,Electronic
58610,Electronic
50345,Jazz
49042,Blues
68063,Rap
57796,Classical
28948,Rap
33931,Blues
74457,Hip-Hop
26473,Rap
69015,Rap
36460,Electronic
24513,Rock
30015,Anime
21727,Alternative
85914,Hip-Hop
30641,Rap
69335,Rap
84974,Jazz
48529,Alternative
85844,Rap
66013,Country
59308,Rap
91524,Classical
37281,Rock
57662,Anime
54159,Rap
23704,Country
26195,Country
71485,Alternative
56476,Blues
34562,Blues
28650,Country
57613,Country
60633,Electronic
34057,Rock
74808,Blues
23124,Rap
34664,Jazz
84763,Electronic
40235,Blues
37246,Jazz
80625,Electronic
52760,Alternative
24743,Blues
86739,Alternative
50128,Rap
40472,Electronic
45924,Anime
83208,Rap
55706,Hip-Hop
36072,Jazz
79899,Alternative
22577,Hip-Hop
72859,Blues
59165,Alternative
62177,Electronic
74803,Jazz
72387,Country
87886,Blues
23288,Blues
74536,Country
39219,Rap
22139,Rock
81903,Electronic
91317,Electronic
32570,Alternative
33096,Rap
28818,Country
46843,Jazz
91629,Rock
49617,Rap
74346,Alternative
49892,Blues
80285,Classical
83680,Alternative
51304,Alternative
69621,Jazz
61023,Country
83261,Hip-Hop
20786,Anime
83785,Blues
50081,Blues
86043,Rock
24243,Jazz
34953,Electronic
28904,Anime
56573,Blues
52216,Blues
75670,Blues
67175,Anime
56904,Anime
32981,Electronic
28147,Anime
31827,Alternative
44057,Rock
30401,Rap
74393,Jazz
91203,Anime
51571,Rap
36849,Blues
29844,Blues
37652,Anime
51111,Alternative
46197,Electronic
36371,Jazz
80292,Electronic
30873,Rap
63437,Country
66412,Country
26766,Jazz
66857,Classical
29282,Anime
81589,Blues
30853,Anime
39426,Blues
61571,Rap
52956,Country
66869,Rap
87838,Anime
45300,Jazz
45008,Classical
35950,Electronic
23308,Rock
83462,Anime
61955,Blues
50539,Rap
46380,Rap
54209,Anime
83319,Rap
62163,Rock
42541,Alternative
51489,Electronic
73303,Country
38354,Rock
74723,Electronic
55699,Rock
45864,Country
66012,Classical
65848,Country
36464,Jazz
50348,Country
82744,Rock
53295,Alternative
30256,Country
43938,Anime
42228,Country
51695,Blues
51237,Rap
80890,Hip-Hop
46705,Country
26666,Alternative
56568,Electronic
50577,Alternative
76781,Jazz
44571,Electronic
45526,Jazz
90033,Anime
87413,Rap
27557,Anime
65209,Blues
62315,Jazz
78016,Hip-Hop
84340,Country
41323,Rap
54358,Rap
71288,Alternative
20117,Electronic
46169,Country
83214,Anime
59581,Rap
38591,Rock
35987,Alternative
41593,Electronic
80309,Anime
55791,Electronic
24376,Electronic
76148,Anime
41762,Blues
53145,Rap
59523,Anime
70900,Rock
58592,Anime
38434,Blues
39635,Rap
67033,Electronic
20375,Alternative
43615,Jazz
62341,Blues
57724,Hip-Hop
80635,Rap
46026,Country
41748,Country
90890,Rap
66413,Country
84928,Jazz
46145,Country
21156,Country
20581,Jazz
84199,Rap
29208,Country
79520,Electronic
62441,Electronic
42265,Rap
70806,Anime
77848,Country
75648,Anime
49026,Classical
35246,Rock
51470,Hip-Hop
51681,Alternative
44017,Jazz
36688,Country
76340,Blues
60399,Jazz
73616,Rap
30693,Jazz
90155,Country
26535,Blues
71278,Country
68131,Blues
20358,Rap
53425,Anime
81292,Alternative
64374,Country
48669,Rock
53875,Anime
31975,Country
76423,Rock
70598,Rap
47003,Rap
73661,Electronic
78936,Rap
89023,Jazz
73275,Blues
90867,Alternative
49520,Blues
47085,Hip-Hop
68814,Blues
70478,Anime
21796,Country
70936,Classical
44197,Hip-Hop
65639,Electronic
41293,Anime
83422,Alternative
81407,Classical
77036,Electronic
43946,Anime
39797,Jazz
32828,Alternative
69698,Rock
44642,Rap
67341,Alternative
37722,Rap
29313,Alternative
78640,Classical
23925,Hip-Hop
56770,Rap
35847,Country
82661,Blues
24484,Electronic
60768,Rap
23945,Alternative
82092,Hip-Hop
72987,Rap
58452,Blues
43732,Anime
71896,Electronic
59488,Rap
23641,Rock
29557,Electronic
73387,Alternative
43983,Country
37494,Classical
32415,Jazz
76374,Alternative
30635,Rap
84984,Country
67927,Country
65771,Rock
57781,Alternative
55735,Classical
37485,Alternative
33891,Jazz
42131,Anime
63313,Jazz
41638,Alternative
24494,Classical
22110,Anime
83048,Rap
57804,Alternative
25430,Hip-Hop
72183,Blues
85161,Alternative
88713,Country
70599,Blues
54413,Country
88277,Rock
58344,Jazz
57368,Hip-Hop
55674,Anime
22501,Country
66647,Alternative
79380,Blues
86361,Anime
59091,Anime
54445,Electronic
47781,Classical
36456,Jazz
58560,Country
63962,Jazz
55241,Alternative
55908,Country
51492,Rap
71051,Electronic
84781,Jazz
61565,Blues
27079,Rock
75937,Classical
91061,Jazz
85725,Rap
27902,Electronic
62328,Country
28290,Electronic
64195,Electronic
58096,Electronic
50036,Electronic
88173,Hip-Hop
30100,Hip-Hop
25660,Hip-Hop
30728,Anime
85219,Electronic
47996,Classical
76138,Blues
80692,Anime
46064,Blues
37360,Rap
72084,Classical
23063,Blues
26362,Jazz
72238,Jazz
30498,Anime
89345,Electronic
64559,Hip-Hop
82289,Country
33021,Rap
48331,Electronic
22569,Country
38918,Alternative
91586,Hip-Hop
45022,Jazz
45170,Rap
35094,Electronic
60622,Blues
45122,Blues
27477,Rap
40609,Blues
34573,Alternative
21542,Alternative
39497,Country
44238,Country
26788,Alternative
82086,Country
21596,Rock
82014,Classical
66562,Country
44534,Electronic
85331,Classical
54162,Blues
39258,Electronic
72349,Jazz
84880,Blues
82675,Blues
53177,Jazz
84961,Country
29191,Rap
70669,Rap
68175,Classical
83196,Alternative
25611,Blues
67598,Rap
88181,Anime
66032,Anime
59802,Hip-Hop
49425,Alternative
37614,Electronic
45731,Blues
55390,Rap
21310,Blues
53598,Electronic
52415,Country
65924,Country
66293,Alternative
64910,Rock
23263,Classical
85687,Country
42151,Country
81969,Anime
25287,Electronic
72242,Alternative
41700,Hip-Hop
78730,Rap
91221,Blues
88869,Rap
73183,Jazz
36676,Rap
31302,Country
39835,Country
35639,Country
77495,Jazz
79779,Blues
89140,Alternative
60406,Country
21464,Classical
48138,Country
48435,Rap
32710,Jazz
29714,Blues
66651,Rap
49014,Hip-Hop
70591,Anime
73819,Electronic
90526,Country
51256,Blues
28734,Classical
24727,Classical
55037,Anime
57988,Country
25422,Electronic
65742,Jazz
64978,Alternative
43250,Electronic
41887,Blues
29494,Hip-Hop
78887,Rap
57611,Blues
20886,Jazz
38232,Classical
33088,Anime
30459,Alternative
41509,Anime
43494,Rap
45177,Electronic
48013,Anime
79669,Electronic
25755,Electronic
21472,Rap
28890,Country
74447,Anime
25323,Anime
89616,Country
37299,Alternative
53494,Electronic
32827,Blues
69683,Anime
23872,Classical
63974,Electronic
37695,Classical
85700,Classical
50392,Country
74375,Rap
63939,Alternative
76767,Blues
45290,Rap
82757,Hip-Hop
65739,Alternative
51604,Alternative
87088,Blues
47913,Anime
57467,Blues
66622,Alternative
39713,Blues
37813,Anime
53952,Rap
79253,Anime
49583,Hip-Hop
52282,Hip-Hop
36158,Blues
68681,Hip-Hop
26332,Anime
20830,Country
64079,Country
54124,Rap
53888,Electronic
87157,Electronic
81472,Alternative
20843,Rap
27253,Electronic
25553,Classical
80849,Alternative
86283,Jazz
86278,Alternative
48804,Electronic
56436,Electronic
43471,Country
65177,Blues
38938,Rock
78310,Rap
49104,Jazz
69999,Rock
74065,Anime
49880,Anime
87162,Electronic
25961,Jazz
49218,Hip-Hop
59664,Rap
30416,Alternative
41979,Electronic
41751,Anime
53820,Rap
59182,Rap
30953,Rap
79506,Rap
79511,Rock
74900,Anime
69817,Electronic
81691,Electronic
55421,Blues
70401,Alternative
76315,Country
52807,Electronic
42690,Alternative
33657,Rap
82047,Hip-Hop
21497,Jazz
21331,Rap
86624,Country
27929,Blues
46890,Anime
68000,Classical
77177,Alternative
53301,Rap
67215,Rap
24448,Rap
46284,Rap
61653,Blues
85626,Rap
49890,Blues
47558,Anime
23188,Rap
74188,Hip-Hop
58314,Anime
67904,Country
32300,Jazz
43353,Rap
84798,Blues
32948,Classical
39487,Country
45697,Jazz
77230,Classical
70699,Rap
76142,Rap
85868,Electronic
66184,Rock
41189,Rap
88634,Electronic
63137,Country
46020,Anime
23366,Blues
52590,Classical
78053,Blues
58885,Blues
26501,Electronic
45476,Hip-Hop
21228,Alternative
43110,Blues
58168,Hip-Hop
87247,Blues
81042,Jazz
91451,Electronic
90769,Rap
67092,Anime
22707,Anime
60027,Rap
59372,Rap
79614,Rap
42232,Blues
78566,Alternative
74323,Rap
35250,Rock
26487,Hip-Hop
77439,Classical
57556,Blues
74918,Jazz
64763,Country
20207,Country
67874,Alternative
32150,Electronic
74865,Country
87609,Electronic
75522,Blues
32168,Country
29840,Anime
86888,Electronic
91604,Country
56690,Country
45586,Electronic
67339,Classical
72145,Blues
62311,Blues
67041,Anime
51227,Electronic
68065,Jazz
87058,Rock
33411,Rap
33551,Rap
77419,Rap
79402,Electronic
74033,Electronic
89481,Country
31686,Alternative
23381,Electronic
28307,Alternative
83362,Blues
26896,Classical
76758,Alternative
21770,Blues
86294,Rap
79063,Hip-Hop
37272,Country
47235,Anime
23517,Country
51149,Hip-Hop
41458,Hip-Hop
30552,Alternative
91116,Rap
38405,Rap
33893,Electronic
72566,Blues
25542,Country
41098,Electronic
44394,Rap
70197,Country
56304,Rock
86506,Blues
38665,Electronic
35445,Country
37843,Rap
36739,Jazz
37085,Classical
32762,Country
46570,Country
24334,Blues
27609,Country
24748,Blues
44270,Electronic
71516,Electronic
61853,Jazz
37976,Blues
64340,Jazz
83980,Country
21351,Blues
74994,Alternative
45754,Rap
25793,Hip-Hop
36911,Country
36950,Classical
62781,Rap
85873,Alternative
50557,Hip-Hop
66597,Alternative
75632,Alternative
48653,Hip-Hop
23020,Classical
25153,Electronic
67335,Classical
53216,Classical
29536,Blues
85300,Country
43981,Jazz
20762,Country
48238,Jazz
88889,Rap
36639,Rap
81059,Alternative
21208,Alternative
70362,Rock
45062,Electronic
62347,Blues
28424,Classical
60307,Alternative
44660,Rock
84173,Blues
58214,Electronic
32853,Anime
65063,Blues
39861,Rock
41054,Rap
28826,Blues
20700,Rock
30870,Alternative
82378,Rap
39245,Rap
63985,Electronic
39490,Rock
34909,Blues
67678,Rap
72731,Electronic
50954,Classical
78108,Rap
27297,Country
56808,Country
33865,Electronic
28331,Hip-Hop
88948,Electronic
29152,Blues
45256,Jazz
65950,Blues
86650,Blues
59817,Rap
53167,Country
70702,Alternative
42880,Country
72998,Country
83458,Blues
60926,Electronic
21534,Rap
65268,Classical
31123,Country
70809,Blues
79491,Hip-Hop
20050,Hip-Hop
58250,Jazz
50044,Rock
44445,Anime
46105,Jazz
61118,Anime
25902,Rap
91559,Rock
90719,Rap
89429,Alternative
59615,Country
50006,Jazz
47651,Rock
32453,Blues
54844,Country
36734,Electronic
83307,Rock
64429,Alternative
60702,Classical
39647,Blues
64904,Blues
28648,Country
75806,Rap
26278,Anime
57549,Country
65748,Alternative
73287,Electronic
30513,Classical
56319,Anime
48586,Rock
35897,Rock
69808,Country
75701,Electronic
64931,Electronic
28749,Country
68085,Electronic
89365,Jazz
47092,Blues
72589,Electronic
90877,Anime
62628,Electronic
33549,Electronic
50672,Classical
80383,Blues
91327,Electronic
39451,Blues
76360,Anime
59693,Jazz
65790,Classical
88908,Classical
55460,Anime
39533,Blues
56296,Blues
32597,Country
54946,Country
60349,Rock
50325,Rap
26165,Blues
75418,Country
91254,Country
66757,Classical
83366,Alternative
36271,Rap
80009,Rock
70441,Jazz
85226,Hip-Hop
37838,Anime
74749,Blues
46286,Country
26352,Blues
22369,Alternative
46769,Electronic
73482,Rap
24409,Rap
87623,Classical
31054,Blues
89801,Anime
41337,Alternative
66708,Electronic
60854,Blues
71518,Country
30231,Hip-Hop
89498,Alternative
30153,Country
20504,Anime
44258,Classical
36508,Country
29016,Anime
80038,Electronic
63643,Blues
52593,Classical
83218,Anime
71618,Hip-Hop
69449,Classical
28736,Rap
27425,Alternative
36324,Country
74771,Rap
87897,Rock
73861,Anime
25424,Electronic
54242,Blues
33620,Classical
48443,Anime
88529,Blues
38694,Country
77116,Anime
85371,Blues
57871,Blues
71531,Alternative
54707,Country
32146,Blues
49699,Jazz
28707,Rap
90326,Country
32424,Rock
53209,Anime
61022,Electronic
71281,Classical
87600,Rap
43100,Electronic
21584,Electronic
58841,Rap
61322,Rap
66682,Rap
22639,Country
50109,Country
79872,Hip-Hop
58299,Country
39094,Electronic
34466,Country
38869,Alternative
36908,Hip-Hop
91518,Rap
62115,Blues
29384,Rap
59611,Alternative
61491,Blues
23147,Alternative
30948,Rap
43511,Hip-Hop
21175,Electronic
35495,Country
48154,Alternative
69597,Jazz
21375,Rock
47135,Rap
42333,Alternative
50563,Electronic
39727,Anime
34989,Country
65760,Classical
63024,Jazz
48836,Blues
49258,Alternative
68066,Country
41451,Electronic
71745,Blues
71414,Country
31688,Hip-Hop
36874,Electronic
91646,Rock
89729,Electronic
71492,Electronic
77126,Anime
38280,Rock
35873,Anime
79127,Alternative
90018,Rap
59819,Rap
46900,Country
89869,Blues
61860,Alternative
77794,Jazz
69743,Classical
68991,Rock
55896,Electronic
85715,Blues
69012,Jazz
48404,Alternative
50194,Hip-Hop
55689,Jazz
75017,Electronic
66949,Blues
69596,Blues
44215,Rap
87064,Blues
32990,Electronic
61896,Country
32534,Blues
21287,Electronic
57785,Country
69474,Blues
32686,Anime
21392,Hip-Hop
87431,Rap
56876,Rap
80862,Anime
35660,Rock
46173,Electronic
25275,Jazz
41818,Rap
82240,Jazz
29770,Rap
30593,Alternative
62184,Blues
61474,Electronic
57731,Classical
44511,Rock
84714,Classical
74322,Alternative
87299,Classical
47272,Alternative
80961,Jazz
41095,Blues
83138,Hip-Hop
80195,Rock
32520,Anime
36565,Classical
81069,Classical
38263,Rock
60573,Classical
73251,Electronic
73223,Anime
49690,Hip-Hop
58347,Classical
64887,Blues
64824,Rock
28635,Electronic
32129,Blues
70529,Hip-Hop
33939,Country
22659,Rap
51398,Alternative
52703,Classical
40584,Blues
23830,Hip-Hop
73019,Jazz
41083,Anime
31767,Blues
55905,Anime
88574,Electronic
66514,Country
41032,Jazz
82239,Country
56038,Country
29218,Electronic
91686,Blues
25177,Blues
48155,Blues
88804,Rap
73211,Anime
40805,Anime
86809,Blues
21214,Country
65618,Country
62265,Blues
39214,Alternative
51039,Country
41292,Country
60998,Jazz
22713,Blues
45200,Blues
52666,Rap
42623,Blues
42649,Classical
51723,Alternative
39946,Country
58554,Rap
20385,Classical
89106,Blues
82693,Rock
62243,Electronic
65683,Rap
84762,Hip-Hop
46640,Classical
43866,Electronic
82536,Classical
39699,Rock
82923,Jazz
26668,Alternative
29203,Alternative
68854,Country
30818,Rap
60003,Electronic
88193,Country
58980,Electronic
52044,Country
90483,Alternative
24201,Rap
75702,Electronic
88844,Alternative
32560,Country
27241,Rap
28480,Electronic
70631,Blues
80471,Jazz
35781,Classical
28251,Alternative
62855,Alternative
50596,Classical
83949,Blues
25747,Country
54341,Country
57899,Electronic
83119,Anime
88078,Electronic
65929,Rap
29425,Rap
32691,Rap
58804,Jazz
68885,Blues
36173,Rap
34995,Rock
55179,Blues
22818,Anime
40554,Country
79281,Alternative
58255,Hip-Hop
75178,Anime
70626,Rap
22408,Electronic
73849,Blues
40768,Country
38122,Rock
52829,Country
53234,Alternative
24685,Rock
32082,Country
44313,Electronic
73314,Classical
51280,Electronic
80357,Anime
58645,Rap
80522,Blues
84573,Hip-Hop
58853,Anime
56049,Jazz
34458,Jazz
28618,Country
34633,Alternative
37348,Alternative
83489,Electronic
86886,Rap
25557,Country
31045,Classical
63983,Blues
76288,Electronic
62531,Classical
49461,Hip-Hop
39890,Hip-Hop
68960,Rap
75277,Jazz
89518,Rock
60733,Electronic
50910,Jazz
49831,Rock
70909,Alternative
56485,Blues
78985,Rap
52442,Rap
27760,Classical
74318,Alternative
49962,Jazz
51226,Rap
65290,Jazz
77437,Alternative
61240,Rock
55194,Electronic
33890,Rap
42581,Alternative
74264,Rock
72032,Anime
59407,Blues
67658,Rock
33446,Blues
45225,Country
89135,Jazz
42364,Country
81128,Rap
30120,Hip-Hop
21045,Jazz
31284,Blues
84446,Anime
56921,Alternative
91621,Hip-Hop
49328,Electronic
36706,Blues
53581,Alternative
80310,Electronic
89906,Anime
29103,Country
28949,Blues
67714,Classical
42644,Country
63433,Electronic
29922,Rap
39228,Rap
71972,Anime
32972,Electronic
23022,Alternative
55576,Blues
85423,Blues
32013,Anime
35045,Electronic
78620,Alternative
60033,Anime
75144,Anime
27688,Classical
42540,Blues
21297,Rock
79951,Jazz
68050,Country
76572,Blues
27090,Electronic
89688,Rock
27128,Blues
72202,Alternative
40806,Blues
49697,Rap
70344,Classical
60864,Rock
51768,Country
45003,Alternative
71778,Alternative
76817,Country
40828,Country
44993,Electronic
44122,Blues
74612,Jazz
41430,Electronic
62162,Country
45578,Country
57259,Electronic
71987,Jazz
25035,Anime
63280,Electronic
53988,Anime
58493,Country
41325,Hip-Hop
39872,Jazz
51150,Jazz
41960,Rock
37572,Classical
59880,Blues
42955,Anime
63226,Classical
43752,Anime
84912,Electronic
34584,Rock
34280,Hip-Hop
20650,Rap
41476,Anime
67393,Classical
35415,Alternative
51305,Blues
82306,Rap
26513,Blues
58716,Country
66276,Hip-Hop
60245,Electronic
59328,Anime
22863,Hip-Hop
57943,Alternative
29311,Classical
59043,Rap
61733,Electronic
78165,Electronic
88027,Jazz
40034,Country
83158,Country
45652,Jazz
69537,Jazz
21524,Country
43765,Country
74041,Alternative
31514,Rap
88188,Jazz
75416,Anime
62003,Jazz
62409,Alternative
20730,Hip-Hop
63126,Rap
24266,Alternative
80172,Hip-Hop
32548,Classical
35785,Rap
56518,Alternative
61035,Classical
25859,Jazz
75624,Anime
37188,Rap
22453,Country
49074,Electronic
67113,Country
40330,Blues
41839,Blues
27832,Country
25689,Hip-Hop
60400,Classical
28902,Rap
74814,Alternative
49120,Anime
90502,Electronic
67997,Country
81866,Country
81427,Alternative
78819,Jazz
20477,Rock
81447,Rock
68166,Rap
42270,Rap
90570,Jazz
90542,Classical
59764,Alternative
63416,Jazz
32844,Alternative
66410,Rap
38754,Rap
57397,Alternative
24895,Electronic
85111,Alternative
76544,Hip-Hop
59796,Rap
57906,Rap
52234,Classical
41978,Jazz
33984,Alternative
35863,Electronic
49940,Alternative
58146,Hip-Hop
86592,Country
87010,Alternative
50082,Blues
31016,Blues
51211,Rock
43404,Hip-Hop
53777,Hip-Hop
27075,Alternative
36087,Rock
46731,Anime
80170,Alternative
34274,Hip-Hop
21972,Anime
34193,Alternative
89697,Blues
33516,Jazz
71984,Electronic
31581,Jazz
86868,Blues
78440,Blues
72967,Country
45706,Alternative
25867,Classical
57329,Electronic
61077,Electronic
68687,Jazz
48012,Rock
78268,Blues
32325,Hip-Hop
66649,Rock
36580,Blues
33094,Electronic
42759,Anime
56920,Classical
24377,Anime
54721,Electronic
32932,Electronic
33976,Country
67296,Jazz
48292,Rap
65194,Alternative
43685,Anime
71453,Blues
24357,Alternative
76509,Blues
73146,Blues
34654,Classical
88756,Alternative
55131,Hip-Hop
22331,Country
55189,Rap
41996,Electronic
56430,Rock
26294,Rap
52392,Country
59456,Rap
38680,Electronic
63857,Blues
40004,Jazz
29852,Alternative
31781,Alternative
47716,Electronic
74334,Alternative
57109,Alternative
21404,Country
80346,Jazz
48346,Jazz
81597,Country
23446,Electronic
53351,Rap
63730,Blues
68865,Alternative
86740,Alternative
86360,Blues
44153,Rock
28967,Rock
67912,Blues
65044,Jazz
39209,Country
27150,Blues
68180,Rap
84741,Rock
36164,Classical
30710,Blues
50010,Rock
90435,Country
62928,Electronic
89102,Electronic
51335,Electronic
22396,Rock
89024,Electronic
51516,Blues
60897,Blues
56407,Blues
65190,Jazz
53706,Anime
63938,Country
58256,Electronic
22997,Country
86901,Jazz
43823,Rap
32832,Country
91240,Alternative
77543,Anime
79967,Blues
66664,Country
76001,Country
48363,Anime
68234,Jazz
50219,Rap
27335,Jazz
79807,Rap
65214,Jazz
90138,Electronic
35523,Hip-Hop
53878,Blues
85386,Alternative
69341,Blues
47052,Alternative
41980,Classical
86530,Alternative
48403,Blues
86158,Classical
32292,Hip-Hop
20251,Rap
82888,Classical
73344,Jazz
34938,Rap
90679,Anime
84167,Rock
33482,Blues
47724,Anime
41760,Blues
91293,Country
87280,Rock
27568,Classical
66322,Blues
29710,Electronic
76210,Country
83465,Classical
70969,Country
23052,Rock
83542,Rock
54250,Electronic
65362,Jazz
68230,Blues
65571,Jazz
57178,Alternative
65921,Anime
72369,Electronic
66530,Classical
42735,Rock
52922,Country
84756,Country
55667,Alternative
54671,Classical
23163,Anime
89116,Rap
25226,Electronic
25514,Electronic
39816,Electronic
79494,Hip-Hop
88157,Rock
27590,Blues
39769,Blues
76919,Electronic
80223,Electronic
83986,Electronic
20077,Hip-Hop
36656,Country
66168,Blues
43300,Blues
82211,Country
75999,Alternative
78508,Rap
71489,Alternative
71218,Rock
28212,Blues
48445,Hip-Hop
83983,Country
29630,Rap
72235,Blues
77711,Alternative
40137,Alternative
53588,Alternative
80486,Anime
89512,Electronic
32014,Rap
49756,Rock
82181,Electronic
51508,Rap
44925,Jazz
55248,Alternative
52077,Country
67270,Jazz
20211,Blues
42280,Electronic
91078,Anime
68915,Rap
91576,Hip-Hop
79384,Blues
59394,Rock
32652,Alternative
66332,Blues
28738,Hip-Hop
46811,Electronic
81918,Country
39728,Blues
53188,Country
45647,Classical
77005,Rap
50235,Blues
84467,Country
34689,Alternative
33413,Blues
37777,Blues
38112,Blues
39971,Country
44529,Classical
90067,Rock
22701,Jazz
64071,Classical
52358,Electronic
22444,Classical
78680,Rap
21658,Rap
31806,Jazz
80517,Classical
89428,Rap
46423,Rap
74810,Rap
57380,Hip-Hop
44988,Jazz
72132,Alternative
73412,Electronic
23543,Country
83926,Rap
50443,Classical
63618,Classical
29575,Rock
35290,Blues
81244,Classical
66996,Alternative
66164,Rock
43048,Electronic
37723,Rock
34795,Hip-Hop
66836,Electronic
45997,Rap
62738,Electronic
85064,Jazz
88628,Electronic
67563,Alternative
80617,Country
22112,Rap
40531,Jazz
29523,Country
39339,Rap
28721,Hip-Hop
27856,Hip-Hop
87132,Alternative
68671,Alternative
34218,Blues
25570,Anime
91208,Country
91273,Jazz
37172,Electronic
51917,Electronic
52930,Hip-Hop
40928,Hip-Hop
24622,Rap
40701,Blues
36222,Blues
40045,Jazz
78140,Alternative
72446,Anime
28636,Rap
37015,Alternative
36651,Anime
63124,Anime
48152,Alternative
34429,Anime
28681,Rap
29474,Country
89944,Alternative
86129,Rap
46599,Rap
62155,Country
87335,Blues
61171,Blues
32943,Jazz
38757,Blues
44364,Alternative
27855,Country
60574,Rap
38936,Blues
68763,Rap
45378,Rock
81188,Rap
89054,Rap
53559,Rap
73731,Classical
89558,Electronic
48274,Jazz
25225,Rap
22518,Blues
84916,Jazz
29594,Rap
23239,Blues
53554,Hip-Hop
66534,Rock
37969,Electronic
73774,Anime
22220,Jazz
40142,Rap
56683,Electronic
48348,Country
63768,Country
47008,Blues
34512,Blues
64560,Anime
67250,Anime
74484,Electronic
32238,Country
50549,Country
56824,Blues
25193,Hip-Hop
71447,Rap
23513,Blues
61791,Electronic
90318,Country
33750,Rock
33576,Rap
83822,Rock
67059,Country
54637,Blues
76587,Rock
43742,Country
81161,Anime
62118,Rock
47039,Rock
36556,Rock
66661,Alternative
51908,Country
39416,Rap
35834,Blues
37904,Country
68547,Country
34706,Classical
69564,Electronic
86895,Electronic
22541,Rap
48432,Country
33590,Electronic
74609,Alternative
45206,Rock
39398,Country
35441,Country
42883,Alternative
56521,Rock
20031,Hip-Hop
27922,Rock
31429,Blues
67675,Jazz
34225,Country
22397,Rap
48271,Classical
63410,Blues
89985,Jazz
81154,Classical
25091,Anime
62897,Country
74112,Rap
45179,Rap
62591,Electronic
48609,Classical
26210,Jazz
86058,Jazz
80191,Alternative
71912,Rap
24051,Anime
54012,Rap
79149,Alternative
40793,Country
36791,Country
55200,Jazz
86061,Jazz
27947,Country
53861,Electronic
21601,Rock
41414,Jazz
30335,Electronic
27790,Alternative
90932,Alternative
30792,Electronic
86292,Anime
43883,Blues
89133,Classical
70274,Blues
82154,Rap
46577,Rap
49834,Rap
72241,Rap
81227,Electronic
28530,Alternative
44561,Anime
51941,Blues
59445,Anime
31828,Electronic
42703,Alternative
63039,Electronic
74872,Rock
41405,Rap
72432,Electronic
61270,Rock
64056,Classical
64788,Alternative
82668,Electronic
46958,Rap
83646,Country
68911,Country
21084,Electronic
70327,Rock
30022,Classical
54442,Anime
31599,Blues
61315,Blues
45069,Electronic
56172,Country
35676,Rap
32138,Rock
70269,Electronic
66648,Rock
45268,Alternative
28057,Electronic
38688,Country
20690,Electronic
58196,Blues
60862,Anime
25864,Classical
54680,Classical
78483,Blues
84319,Country
34344,Alternative
77857,Jazz
43662,Blues
38487,Rap
54861,Country
79123,Classical
54891,Electronic
74001,Blues
52987,Jazz
74435,Country
64730,Rap
23793,Jazz
77927,Hip-Hop
65704,Hip-Hop
51038,Anime
34414,Jazz
84149,Electronic
67845,Country
39820,Alternative
59343,Blues
30163,Rap
43191,Rock
74930,Anime
21591,Blues
79559,Electronic
73392,Anime
20611,Alternative
63898,Hip-Hop
67194,Classical
23828,Blues
55875,Rap
58354,Electronic
32585,Alternative
87781,Anime
24531,Blues
61337,Blues
62039,Jazz
85785,Anime
28896,Anime
32301,Rap
21744,Alternative
64431,Jazz
63290,Country
62761,Alternative
21236,Jazz
80601,Blues
48059,Country
68651,Rap
52893,Classical
63344,Hip-Hop
88348,Rap
50494,Hip-Hop
63175,Rap
83342,Jazz
65647,Jazz
62977,Country
35008,Country
88470,Anime
86877,Blues
43117,Blues
62569,Country
88429,Hip-Hop
37958,Hip-Hop
63799,Rock
50420,Rock
33097,Jazz
20739,Jazz
28900,Electronic
81423,Country
89331,Jazz
63590,Anime
42101,Jazz
90798,Jazz
58739,Blues
77699,Electronic
60608,Electronic
46009,Electronic
54988,Alternative
55499,Rap
42911,Electronic
80398,Jazz
77068,Anime
62645,Jazz
59983,Rap
74349,Rock
80323,Anime
82970,Electronic
20926,Hip-Hop
62437,Alternative
79764,Alternative
38308,Anime
53963,Classical
50592,Electronic
85311,Country
41969,Jazz
59087,Jazz
44036,Rock
54103,Country
39794,Hip-Hop
53006,Electronic
65399,Alternative
84837,Anime
46137,Electronic
64516,Electronic
87015,Electronic
41840,Hip-Hop
38276,Classical
73210,Classical
83610,Country
33568,Jazz
25865,Classical
77804,Anime
58644,Anime
47760,Rock
76515,Electronic
20598,Blues
67080,Country
21044,Blues
41878,Anime
70339,Anime
81317,Blues
40320,Electronic
28372,Classical
37076,Electronic
79513,Blues
25929,Alternative
83183,Country
25072,Blues
51366,Electronic
48004,Rap
50733,Alternative
74818,Rap
23036,Anime
77046,Jazz
67631,Jazz
69578,Alternative
82260,Jazz
54231,Classical
37268,Country
37748,Rap
40863,Country
80830,Blues
22789,Electronic
71769,Classical
22402,Anime
67516,Anime
68538,Classical
71181,Country
55865,Rap
88546,Alternative
51583,Country
55071,Anime
86643,Blues
68228,Country
46539,Classical
51082,Blues
50715,Jazz
33062,Rap
83674,Jazz
32069,Country
53516,Anime
20808,Rock
57473,Country
37012,Rap
33598,Rock
46290,Electronic
55462,Alternative
53692,Country
54765,Country
55671,Country
70542,Rap
50500,Alternative
70957,Electronic
78301,Electronic
36970,Classical
54675,Alternative
78460,Alternative
50673,Electronic
20515,Country
32880,Rap
37120,Country
55315,Jazz
51810,Electronic
25543,Electronic
70256,Blues
90091,Rap
90553,Alternative
62664,Electronic
74616,Hip-Hop
65000,Blues
45710,Alternative
31774,Electronic
36172,Country
40134,Electronic
69469,Electronic
43542,Rock
54455,Alternative
50085,Anime
85837,Alternative
91213,Blues
41557,Blues
30880,Hip-Hop
22850,Rap
85833,Electronic
68489,Electronic
49497,Country
49272,Classical
73878,Electronic
64304,Electronic
79435,Anime
64740,Jazz
22224,Electronic
85341,Rap
50156,Jazz
35411,Electronic
88433,Alternative
76598,Classical
84534,Rock
84433,Country
32719,Hip-Hop
28963,Hip-Hop
25571,Blues
40547,Electronic
71584,Rap
71867,Electronic
61358,Country
73165,Classical
31652,Electronic
66206,Country
41496,Anime
47280,Rock
51806,Country
56318,Blues
33537,Alternative
74123,Alternative
69136,Rap
75526,Rock
44972,Rock
64735,Classical
66355,Blues
32862,Electronic
49171,Classical
85903,Alternative
45016,Classical
25344,Jazz
66840,Alternative
88988,Electronic
51531,Rap
41685,Blues
74377,Electronic
71074,Hip-Hop
46651,Classical
65111,Rap
53347,Rap
55695,Rap
56393,Rap
84644,Rap
60081,Country
58080,Blues
28002,Rap
54665,Jazz
76820,Anime
78963,Country
32479,Alternative
76223,Blues
76818,Electronic
72203,Electronic
88737,Rock
47513,Rock
66907,Rap
54000,Electronic
46311,Rap
39730,Rap
66981,Country
25531,Electronic
89181,Electronic
59205,Electronic
88477,Anime
86758,Anime
72690,Electronic
46163,Country
27047,Rap
88103,Blues
69372,Electronic
46593,Country
80036,Hip-Hop
81542,Blues
76305,Electronic
42552,Country
74213,Rap
64197,Country
55235,Hip-Hop
63198,Alternative
45971,Alternative
24519,Electronic
32045,Jazz
46841,Country
87406,Anime
20938,Alternative
77493,Country
34505,Rock
50255,Blues
68535,Blues
20931,Electronic
20587,Rap
45843,Country
37484,Blues
63707,Blues
79284,Anime
75893,Country
36723,Country
84934,Rock
89370,Rap
26734,Anime
60803,Alternative
83778,Jazz
60936,Rock
81234,Electronic
74647,Country
87416,Anime
89277,Country
81045,Rap
59083,Country
50977,Electronic
65227,Country
37274,Electronic
29942,Electronic
28616,Anime
75097,Blues
46138,Classical
87716,Blues
63886,Alternative
75769,Jazz
51747,Rap
75445,Rock
86036,Electronic
50661,Country
23504,Classical
70673,Anime
88261,Blues
30080,Blues
39922,Rap
86246,Country
33481,Alternative
20619,Electronic
56867,Blues
81167,Anime
81583,Jazz
48197,Rap
51020,Rap
80697,Jazz
39187,Blues
85917,Rock
64378,Country
71151,Alternative
51706,Rap
63264,Anime
38148,Rock
37067,Alternative
87309,Electronic
39925,Anime
49476,Jazz
90918,Country
69478,Alternative
77715,Country
76516,Rock
32208,Rap
77582,Rock
62375,Electronic
91527,Blues
21609,Jazz
48099,Electronic
65251,Rap
27999,Classical
38394,Classical
48916,Jazz
34450,Rap
61107,Alternative
20784,Blues
34732,Rock
70106,Alternative
64279,Rap
36621,Rap
82985,Rock
60526,Rock
90706,Blues
86153,Classical
72869,Blues
54090,Rap
75324,Country
25574,Rock
36304,Electronic
31673,Anime
46208,Classical
91104,Rock
36130,Alternative
41959,Rap
39773,Jazz
38981,Electronic
88463,Rap
85431,Country
49452,Electronic
82538,Classical
81449,Alternative
82270,Electronic
35273,Country
20063,Anime
45162,Electronic
75355,Rock
54077,Rap
44202,Rock
83093,Anime
60288,Classical
76033,Electronic
30136,Alternative
58732,Electronic
60742,Electronic
77212,Country
50677,Hip-Hop
24565,Anime
88255,Alternative
21425,Anime
76064,Hip-Hop
53539,Classical
54382,Blues
78603,Rap
69240,Rock
64236,Blues
23998,Classical
34980,Jazz
49288,Classical
74433,Jazz
42189,Hip-Hop
84897,Blues
86738,Electronic
27641,Blues
41635,Jazz
84233,Jazz
84169,Country
80592,Anime
71577,Alternative
37669,Blues
51597,Rap
32985,Rap
34547,Electronic
81756,Electronic
61688,Electronic
43619,Classical
87511,Classical
48774,Rap
60910,Country
26243,Alternative
56892,Rap
75498,Rap
32774,Rock
48988,Rap
44196,Rock
74963,Country
68646,Hip-Hop
57522,Jazz
88711,Rock
59937,Jazz
57202,Blues
90937,Anime
91193,Classical
71922,Rap
55650,Jazz
70516,Blues
22765,Jazz
49054,Rock
31985,Jazz
60466,Alternative
42813,Classical
30417,Blues
45469,Electronic
41765,Rock
33504,Rap
88285,Country
39603,Hip-Hop
70056,Country
39388,Country
26176,Classical
32389,Blues
31980,Anime
72832,Alternative
76955,Alternative
62072,Rock
32316,Electronic
86921,Country
59255,Electronic
57649,Electronic
67238,Blues
29119,Country
53816,Country
80019,Anime
36785,Blues
78259,Blues
89764,Blues
48039,Rap
31446,Anime
88175,Electronic
55246,Electronic
52157,Alternative
57464,Classical
30733,Classical
59748,Rap
27309,Country
52251,Jazz
51734,Alternative
90172,Country
33315,Classical
62799,Classical
73737,Electronic
54772,Country
40686,Rock
65422,Electronic
60673,Electronic
40477,Anime
79377,Alternative
26102,Blues
48428,Hip-Hop
83858,Rock
20046,Anime
49376,Alternative
55039,Alternative
90687,Country
34408,Blues
63800,Country
57682,Country
51949,Country
62080,Electronic
53983,Electronic
74652,Hip-Hop
31433,Anime
42419,Anime
72895,Hip-Hop
53758,Blues
36117,Electronic
66746,Electronic
68635,Hip-Hop
70758,Blues
22736,Electronic
60930,Country
73517,Electronic
31782,Country
55312,Classical
39170,Hip-Hop
74695,Blues
36777,Alternative
43780,Anime
75944,Rap
67459,Hip-Hop
73801,Anime
33538,Alternative
66232,Rap
45851,Anime
32236,Country
78371,Country
51069,Jazz
32431,Electronic
48550,Electronic
79484,Anime
66846,Anime
34590,Country
63427,Anime
33301,Blues
70849,Alternative
40284,Blues
76200,Rap
26230,Blues
21545,Jazz
86632,Rap
60089,Country
20174,Rock
43442,Rap
65359,Alternative
58376,Rock
32960,Jazz
83552,Classical
68774,Alternative
31926,Rap
85850,Electronic
32242,Electronic
74523,Rock
50188,Hip-Hop
52709,Rap
70325,Blues
75031,Blues
76137,Electronic
58522,Country
82027,Rap
83903,Rock
62271,Blues
57450,Country
78994,Jazz
43909,Electronic
30097,Rock
55686,Country
23831,Anime
65220,Hip-Hop
85918,Jazz
57303,Electronic
71360,Country
24844,Rock
91345,Electronic
76160,Anime
43584,Jazz
54059,Classical
78523,Rock
39712,Country
23173,Classical
34240,Classical
22291,Country
86869,Rap
75641,Rap
23346,Alternative
77047,Rock
57616,Blues
74993,Country
41587,Electronic
21008,Alternative
48453,Hip-Hop
22358,Blues
83666,Electronic
23101,Classical
88750,Rock
55614,Rock
45080,Rock
43768,Rap
50581,Blues
45356,Jazz
35917,Rap
59672,Classical
20418,Blues
38661,Rock
62100,Rap
62802,Country
20320,Blues
25220,Blues
49250,Hip-Hop
87448,Blues
27349,Jazz
48259,Electronic
44321,Jazz
37518,Blues
45982,Rap
40393,Anime
83287,Electronic
91677,Anime
35635,Rap
38614,Blues
64397,Anime
46126,Country
60059,Blues
84023,Electronic
27840,Electronic
52114,Rap
58718,Country
88037,Anime
71768,Jazz
33135,Country
24939,Hip-Hop
87662,Rap
24842,Blues
32902,Rap
84225,Jazz
27723,Anime
51252,Rap
49854,Hip-Hop
51528,Country
23156,Classical
31779,Country
66429,Classical
67890,Rock
63632,Blues
23518,Blues
71748,Alternative
81954,Hip-Hop
57761,Classical
60403,Blues
49932,Classical
34976,Jazz
41383,Alternative
72167,Blues
29473,Blues
30694,Hip-Hop
65999,Rock
22872,Rap
49961,Rap
72610,Country
81239,Anime
47490,Classical
37139,Alternative
52579,Anime
26965,Alternative
65337,Country
37847,Rap
67593,Electronic
76528,Blues
88166,Rap
23651,Country
49245,Classical
67252,Blues
61669,Blues
77976,Electronic
23255,Electronic
49922,Country
53534,Blues
64527,Anime
53960,Anime
30658,Electronic
57302,Blues
25661,Electronic
89976,Alternative
51240,Anime
81310,Hip-Hop
29943,Alternative
73657,Blues
31544,Blues
84972,Hip-Hop
53461,Electronic
64767,Classical
46904,Anime
52280,Blues
68240,Alternative
22266,Jazz
25765,Rock
77686,Classical
91569,Rap
66704,Anime
65270,Electronic
76604,Jazz
47577,Blues
87311,Alternative
27070,Blues
48793,Rock
87853,Electronic
58324,Classical
85010,Rock
38771,Rap
23706,Blues
69287,Anime
79139,Blues
81566,Rap
84744,Hip-Hop
84870,Country
56903,Hip-Hop
31722,Classical
45600,Hip-Hop
54606,Electronic
40209,Electronic
73823,Blues
74571,Anime
33019,Country
29348,Rap
35043,Country
30086,Classical
73229,Country
49559,Country
81469,Rap
26435,Electronic
74150,Alternative
47076,Anime
59955,Rap
53156,Country
88313,Alternative
58814,Classical
52731,Rap
41863,Alternative
73776,Country
56583,Blues
29653,Rock
27580,Rap
51010,Country
72491,Rap
87495,Country
44304,Electronic
67276,Blues
46781,Anime
64054,Classical
84459,Rap
53061,Jazz
23484,Rap
36122,Rap
46287,Jazz
33247,Blues
90592,Classical
67542,Rock
24432,Blues
73104,Classical
56045,Blues
57420,Electronic
80926,Blues
82554,Blues
79028,Classical
84840,Rap
51323,Blues
49998,Electronic
78118,Country
69848,Rap
88690,Blues
32843,Hip-Hop
74018,Classical
57555,Country
23673,Alternative
37520,Country
22236,Alternative
63217,Hip-Hop
30664,Rap
87108,Electronic
79353,Alternative
42888,Classical
45192,Hip-Hop
25754,Blues
87241,Classical
29524,Rap
82547,Electronic
90315,Rap
67111,Electronic
74792,Anime
44433,Country
39312,Electronic
86752,Blues
23485,Alternative
69502,Electronic
28761,Jazz
58163,Country
32043,Blues
33721,Rap
31770,Anime
29685,Rock
90247,Anime
40372,Blues
53275,Electronic
85078,Alternative
37269,Anime
74532,Country
26366,Electronic
22158,Alternative
21794,Alternative
55632,Blues
60659,Blues
76749,Blues
34370,Electronic
65429,Rap
49098,Jazz
81155,Rap
50933,Country
70700,Jazz
55113,Anime
43635,Jazz
68322,Electronic
24234,Electronic
37507,Rap
27547,Rap
48217,Rap
54252,Blues
56408,Electronic
35782,Anime
88239,Electronic
83304,Classical
46394,Blues
54454,Country
20676,Anime
37089,Rap
89219,Rock
57933,Jazz
22135,Rock
34902,Country
60016,Rock
74766,Blues
47348,Rap
56803,Rock
61738,Hip-Hop
21003,Classical
41180,Country
90984,Alternative
27170,Country
43374,Rap
62777,Electronic
64216,Rap
24114,Rap
34156,Rap
40347,Rock
49913,Rock
46434,Alternative
53066,Country
56423,Rap
53653,Rap
24883,Country
89554,Blues
65967,Electronic
66614,Electronic
78132,Blues
46437,Anime
61482,Classical
53142,Electronic
82463,Anime
39386,Country
40169,Electronic
38074,Country
45281,Electronic
54873,Country
53531,Country
40110,Classical
40174,Country
38116,Country
23972,Blues
67050,Alternative
73544,Jazz
71460,Country
58035,Classical
53568,Jazz
27319,Classical
41508,Electronic
42934,Anime
35487,Jazz
48977,Blues
73300,Country
66060,Blues
64628,Rap
78613,Rap
58843,Electronic
71611,Blues
24597,Jazz
59776,Blues
71780,Electronic
70031,Country
61892,Rap
59982,Rap
20265,Electronic
48006,Rock
41194,Rock
60640,Classical
88272,Country
37217,Anime
49694,Alternative
28822,Classical
91064,Blues
25911,Rock
21924,Blues
29296,Rap
40395,Rap
43197,Rap
67195,Alternative
53104,Electronic
49862,Anime
22069,Blues
65076,Country
38955,Hip-Hop
68338,Country
49396,Electronic
51469,Blues
52716,Blues
56268,Blues
24143,Hip-Hop
37807,Jazz
84442,Jazz
28695,Country
58786,Country
71068,Rap
20528,Anime
29157,Anime
65962,Classical
39107,Electronic
39649,Electronic
87913,Hip-Hop
83131,Jazz
77824,Blues
74708,Hip-Hop
21238,Country
60166,Country
27773,Classical
88047,Rock
77238,Classical
69097,Blues
88817,Blues
44965,Anime
85310,Anime
41905,Anime
68709,Rap
56695,Electronic
76391,Electronic
86076,Hip-Hop
23283,Rap
86649,Electronic
67707,Hip-Hop
83902,Classical
29535,Electronic
59238,Blues
36277,Blues
81219,Alternative
53408,Alternative
42487,Classical
27762,Classical
55470,Hip-Hop
38695,Electronic
86422,Rap
86520,Electronic
82696,Blues
42947,Blues
72726,Country
58734,Classical
24001,Electronic
76819,Hip-Hop
67349,Electronic
84139,Country
22499,Alternative
39965,Rock
26177,Anime
78715,Jazz
73135,Electronic
29573,Blues
82048,Rap
77511,Electronic
42421,Anime
30592,Blues
60193,Country
48554,Country
36913,Electronic
27637,Anime
91632,Alternative
88879,Blues
31538,Alternative
74021,Electronic
24142,Country
40907,Electronic
25333,Rap
26021,Electronic
48815,Rap
24366,Anime
80764,Blues
37492,Rap
63000,Classical
89716,Rock
23175,Country
20275,Electronic
51253,Alternative
43052,Anime
50395,Electronic
66235,Rock
81684,Alternative
89652,Country
25521,Anime
75775,Electronic
56587,Rap
86281,Electronic
55996,Alternative
87110,Classical
65893,Electronic
56886,Alternative
45556,Blues
34141,Rap
31963,Electronic
68212,Alternative
20624,Jazz
82456,Rock
82891,Blues
50086,Jazz
88093,Blues
33896,Electronic
46256,Classical
67093,Rock
59347,Alternative
52840,Hip-Hop
76025,Country
76499,Rock
66894,Jazz
40794,Electronic
53098,Blues
51897,Electronic
34917,Blues
68600,Alternative
73783,Blues
68758,Classical
50725,Blues
23584,Jazz
28533,Classical
89916,Hip-Hop
83816,Blues
73939,Hip-Hop
86954,Alternative
33098,Rap
36957,Electronic
59203,Blues
55119,Rock
38233,Rap
31303,Blues
70354,Jazz
85042,Rap
31242,Rap
82718,Classical
50598,Rap
42870,Blues
38078,Blues
48881,Blues
32024,Electronic
47415,Country
37730,Rap
36921,Electronic
76915,Alternative
57139,Anime
21974,Blues
61602,Rap
87266,Hip-Hop
91578,Blues
70967,Rap
71812,Alternative
56132,Electronic
44781,Country
81985,Anime
49506,Anime
81606,Blues
51096,Anime
89253,Country
57088,Classical
74511,Electronic
23198,Rap
64506,Anime
58722,Rap
44106,Country
83035,Alternative
68494,Blues
22431,Jazz
69369,Country
36680,Rap
37517,Hip-Hop
32244,Anime
70514,Classical
78324,Classical
47521,Blues
28273,Country
83948,Country
68100,Country
50484,Jazz
77619,Rap
40511,Alternative
68921,Rap
41945,Country
55244,Rap
44111,Anime
22994,Hip-Hop
53711,Alternative
20473,Anime
71419,Electronic
30352,Country
42803,Hip-Hop
24072,Rap
42329,Blues
34582,Rap
58965,Rap
75206,Electronic
46946,Alternative
25919,Rap
88421,Blues
57431,Rock
27720,Electronic
80647,Blues
89681,Blues
51916,Hip-Hop
87908,Alternative
30859,Electronic
87573,Country
72969,Alternative
24194,Hip-Hop
68428,Rap
36501,Rap
63037,Classical
34922,Country
54586,Rock
30449,Alternative
29544,Rap
75887,Electronic
56002,Anime
48904,Blues
83066,Rap
23612,Alternative
62015,Hip-Hop
80705,Rock
81052,Rap
39477,Electronic
74029,Alternative
56978,Classical
71954,Country
69971,Rock
65581,Electronic
44653,Rock
64846,Blues
44933,Classical
33769,Jazz
26726,Alternative
81633,Jazz
69689,Rock
60663,Anime
64109,Rock
85721,Anime
65187,Hip-Hop
84436,Country
69959,Blues
40740,Classical
65959,Electronic
77108,Classical
79394,Electronic
35141,Jazz
29835,Blues
44010,Classical
56635,Classical
90145,Anime
70227,Blues
71232,Anime
58021,Electronic
58913,Electronic
64890,Rap
36541,Blues
69839,Electronic
36933,Rap
60324,Jazz
29320,Country
40332,Country
88355,Blues
83085,Anime
56076,Rap
40595,Country
86139,Alternative
26438,Classical
34852,Alternative
80841,Rap
90683,Blues
60390,Rock
80464,Classical
54325,Classical
22936,Hip-Hop
80767,Rap
84186,Jazz
32077,Classical
48949,Electronic
80580,Anime
56550,Country
78512,Rock
55937,Rap
23327,Rap
78356,Country
90942,Anime
81342,Blues
62745,Classical
85455,Anime
72602,Electronic
53100,Classical
64711,Blues
56419,Electronic
84049,Rock
52632,Rap
33415,Rock
35376,Electronic
75722,Hip-Hop
55642,Hip-Hop
22262,Blues
30848,Country
58098,Country
67153,Rap
47033,Alternative
42034,Rap
63179,Rap
52343,Jazz
46118,Jazz
73395,Anime
56125,Anime
50015,Electronic
55704,Blues
20241,Anime
25098,Country
91676,Rap
49556,Jazz
54874,Jazz
42665,Electronic
59925,Classical
73734,Country
66346,Electronic
31075,Jazz
61771,Country
85763,Anime
47109,Country
61495,Country
33293,Rap
31801,Alternative
78423,Rap
64427,Jazz
46851,Rock
23233,Country
24466,Electronic
69195,Electronic
66588,Electronic
43488,Electronic
50651,Electronic
71893,Rap
42846,Anime
86287,Anime
73683,Hip-Hop
89536,Hip-Hop
36855,Hip-Hop
33240,Jazz
68314,Hip-Hop
35705,Classical
91672,Jazz
75902,Electronic
63924,Alternative
91136,Anime
51578,Country
31804,Anime
52573,Rap
75864,Jazz
22034,Rap
42639,Electronic
48583,Rap
35483,Alternative
35632,Classical
52031,Country
87952,Rap
82808,Rock
69390,Alternative
78999,Alternative
83389,Classical
74104,Country
41249,Jazz
89922,Country
74596,Electronic
35909,Alternative
23853,Hip-Hop
69032,Rap
41817,Country
48778,Blues
68422,Blues
50565,Electronic
55605,Hip-Hop
29469,Hip-Hop
48125,Alternative
63223,Electronic
81700,Anime
35612,Electronic
48312,Electronic
20416,Classical
37533,Classical
25117,Rock
27234,Country
24391,Anime
72707,Rap
22697,Rock
56983,Alternative
24799,Anime
60582,Jazz
74776,Country
61061,Electronic
52478,Jazz
27545,Rock
57525,Anime
90910,Hip-Hop
21486,Classical
79507,Blues
90593,Blues
49682,Electronic
78202,Country
83279,Blues
25721,Rock
40700,Electronic
58603,Rock
33961,Country
38346,Rap
85589,Blues
50792,Jazz
29803,Rap
91412,Classical
68103,Classical
33530,Country
25469,Blues
62616,Electronic
53290,Country
76727,Country
76881,Blues
91049,Jazz
50428,Electronic
80099,Rap
29115,Electronic
55743,Alternative
44045,Country
49698,Rap
66318,Anime
83270,Rap
34088,Anime
39222,Blues
53412,Blues
60512,Blues
42399,Blues
32616,Electronic
91488,Electronic
50449,Rock
77966,Electronic
88695,Country
26355,Blues
78599,Jazz
62316,Jazz
28843,Rap
71375,Blues
46867,Country
79622,Electronic
84681,Hip-Hop
22731,Alternative
26289,Country
52642,Rap
73313,Electronic
72417,Rap
75671,Classical
89501,Anime
40058,Alternative
87535,Anime
48166,Blues
32018,Electronic
77798,Alternative
28691,Jazz
47114,Rock
83637,Classical
35692,Jazz
38993,Rap
39197,Rock
68879,Country
34180,Rap
83437,Country
71410,Anime
32954,Country
85906,Rap
47579,Classical
55291,Alternative
49779,Electronic
31395,Alternative
46894,Electronic
82268,Rock
66952,Electronic
44443,Blues
24037,Country
77455,Blues
63170,Classical
58698,Rap
21834,Rap
76191,Alternative
50210,Country
81941,Electronic
67547,Country
26757,Rap
39514,Rap
83008,Anime
50613,Rap
34924,Alternative
54490,Rock
65388,Alternative
66830,Alternative
72593,Blues
35235,Classical
91279,Classical
69692,Alternative
76571,Alternative
53822,Electronic
82133,Rap
77350,Blues
22284,Electronic
87983,Anime
75466,Rap
30767,Hip-Hop
51816,Alternative
60344,Country
34697,Rock
50532,Country
26255,Rap
67924,Rap
79778,Electronic
47986,Jazz
